{
  "sigma30_turn10": {
    "cp": 1.8964025957941146,
    "w8020": 2.3250883624368432,
    "w9802": 3.028249365744698,
    "v3": 6.312247812407863
  },
  "sigma30_turn50": {
    "cp": 13.944932276530775,
    "w8020": 14.59721220476688,
    "w9802": 15.521487310576083,
    "v3": 46.73670035643273
  },
  "sigma30_turn200": {
    "cp": 59.12691857929326,
    "w8020": 60.61767661350452,
    "w9802": 62.371129603693774,
    "v3": 198.32839739652596
  },
  "sigma80_turn10": {
    "cp": -4.540423036222843,
    "w8020": -2.5688616794362473,
    "w9802": 3.021935440686892,
    "v3": -12.71607354548419
  },
  "sigma80_turn50": {
    "cp": 7.776386122671003,
    "w8020": 11.294251112863886,
    "w9802": 19.236610317929912,
    "v3": 20.05683050586366
  },
  "sigma80_turn200": {
    "cp": 53.964420468522924,
    "w8020": 63.280924083989376,
    "w9802": 80.04164110759125,
    "v3": 142.9552206984181
  },
  "sigma150_turn10": {
    "cp": -21.04928009557109,
    "w8020": -18.92642110026958,
    "w9802": 0.3537675664154508,
    "v3": -40.66695976516622
  },
  "sigma150_turn50": {
    "cp": -8.479587843239525,
    "w8020": -1.7864916443819847,
    "w9802": 32.7505457134199,
    "v3": -16.591145478231866
  },
  "sigma150_turn200": {
    "cp": 38.656758103003824,
    "w8020": 62.48824381519651,
    "w9802": 154.2384637646866,
    "v3": 73.693158097772
  }
}